Daily activity on Fri Sep 19 12:50:06 UTC 2025
Daily activity on Sat Sep 20 06:14:19 UTC 2025
Daily activity on Sun Sep 21 06:14:31 UTC 2025
Daily activity on Mon Sep 22 06:17:06 UTC 2025
Daily activity on Tue Sep 23 06:16:26 UTC 2025
Daily activity on Wed Sep 24 06:16:13 UTC 2025
Daily activity on Thu Sep 25 06:16:32 UTC 2025
Daily activity on Fri Sep 26 06:15:47 UTC 2025
Daily activity on Sat Sep 27 06:13:43 UTC 2025
Daily activity on Sun Sep 28 06:14:28 UTC 2025
Daily activity on Mon Sep 29 06:18:01 UTC 2025
Daily activity on Tue Sep 30 06:16:39 UTC 2025
Daily activity on Wed Oct  1 06:16:08 UTC 2025
Daily activity on Thu Oct  2 06:15:36 UTC 2025
Daily activity on Fri Oct  3 06:15:22 UTC 2025
Daily activity on Sat Oct  4 06:13:51 UTC 2025
Daily activity on Sun Oct  5 06:13:52 UTC 2025
Daily activity on Mon Oct  6 06:16:52 UTC 2025
Daily activity on Tue Oct  7 06:15:53 UTC 2025
Daily activity on Wed Oct  8 06:16:13 UTC 2025
Daily activity on Thu Oct  9 06:16:30 UTC 2025
Daily activity on Fri Oct 10 06:16:17 UTC 2025
Daily activity on Sat Oct 11 06:13:54 UTC 2025
Daily activity on Sun Oct 12 06:14:01 UTC 2025
Daily activity on Mon Oct 13 06:17:46 UTC 2025
Daily activity on Tue Oct 14 06:16:58 UTC 2025
Daily activity on Wed Oct 15 06:16:29 UTC 2025
Daily activity on Thu Oct 16 06:16:37 UTC 2025
Daily activity on Fri Oct 17 06:15:59 UTC 2025
Daily activity on Sat Oct 18 06:14:19 UTC 2025
Daily activity on Sun Oct 19 06:15:03 UTC 2025
Daily activity on Mon Oct 20 06:17:12 UTC 2025
Daily activity on Tue Oct 21 06:16:50 UTC 2025
Daily activity on Wed Oct 22 06:16:55 UTC 2025
Daily activity on Thu Oct 23 06:16:31 UTC 2025
Daily activity on Fri Oct 24 06:15:50 UTC 2025
Daily activity on Sat Oct 25 06:14:17 UTC 2025
Daily activity on Sun Oct 26 06:14:36 UTC 2025
Daily activity on Mon Oct 27 06:18:24 UTC 2025
Daily activity on Tue Oct 28 06:17:12 UTC 2025
Daily activity on Wed Oct 29 06:17:22 UTC 2025
Daily activity on Thu Oct 30 06:16:22 UTC 2025
Daily activity on Fri Oct 31 06:16:46 UTC 2025
Daily activity on Sat Nov  1 06:14:36 UTC 2025
Daily activity on Sun Nov  2 06:15:28 UTC 2025
Daily activity on Mon Nov  3 06:17:58 UTC 2025
Daily activity on Tue Nov  4 06:17:21 UTC 2025
Daily activity on Wed Nov  5 06:17:17 UTC 2025
Daily activity on Thu Nov  6 06:17:24 UTC 2025
Daily activity on Fri Nov  7 06:17:14 UTC 2025
Daily activity on Sat Nov  8 06:14:52 UTC 2025
